Algorithm, MinToll, MaxToll, NumOfEdgesWithTolls, AverageToll
Gradient descent, 0.0, 2.5353561140399834, 26, 0.7722646924322731
Reactive update, 0.0, 2.3999999999999995, 28, 0.7303571428571429
Group Specific VoT, -0.0, 2.6276495361170182, 26, 0.7950481476305107
Population VoT, -6.661338147750939e-16, 2.7127563197463767, 25, 0.4521420734570329
