,T,regret_opt_target,average_opt_target,normalized_opt_target,regret_congestion_target,average_congestion_target,normalized_congestion_target
0,100.0,577.7630028207066,5.777630028207065,0.05672791607428828,358.5473953613852,3.5854739536138522,0.035204134659739005
1,500.0,1407.1951478484534,2.814390295696907,0.027352408171750147,1651.6410907107488,3.3032821814214977,0.03210383530346016
2,1000.0,1992.8625259131961,1.992862525913196,0.019320573287298203,3510.372157599873,3.510372157599873,0.03403265486439963
3,2000.0,2881.040712789742,1.440520356394871,0.014011926781878362,7515.501095826652,3.757750547913326,0.036551601168412544
4,5000.0,4659.745668276151,0.9319491336552302,0.009055852800757701,20112.302927213277,4.022460585442656,0.039086694373272786
5,10000.0,6800.089932868727,0.6800089932868727,0.006601078477191522,41197.40494529013,4.1197404945290135,0.039991721548566776
