,T,regret_opt_target,average_opt_target,normalized_opt_target,regret_congestion_target,average_congestion_target,normalized_congestion_target
0,100.0,10280.061069821342,102.80061069821342,0.21750526629871678,9997.82732465472,99.97827324654719,0.21153377201633725
1,500.0,28240.04099102231,56.48008198204462,0.1182860679487362,33366.11614210609,66.73223228421217,0.13975711587760375
2,1000.0,42525.418918693445,42.52541891869345,0.08884198581265218,60103.95020381713,60.10395020381713,0.12556617729036904
3,2000.0,65610.0310549825,32.80501552749125,0.06876154773467308,112396.13616790707,56.19806808395354,0.11779497979242984
4,5000.0,123551.08147094504,24.710216294189006,0.05174169912176896,264190.957709143,52.8381915418286,0.11063997887944918
5,10000.0,203866.63355170257,20.386663355170256,0.04264551493816917,510729.8448073839,51.07298448073839,0.10683620387824967
