,T,regret_opt_target,average_opt_target,normalized_opt_target,regret_congestion_target,average_congestion_target,normalized_congestion_target
0,100.0,2219.2767522251934,22.192767522251934,0.07370168367037926,5319.715614224111,53.19715614224111,0.17666656356527208
1,500.0,7332.53440082945,14.665068801658899,0.048707534471128515,31288.95332912316,62.57790665824632,0.2078418851565706
2,1000.0,11496.493928300491,11.496493928300492,0.03807556855181222,65852.77080439213,65.85277080439214,0.21809968367113058
3,2000.0,17718.08164600793,8.859040823003964,0.029441629682548917,135883.85421847616,67.94192710923808,0.225794315415587
4,5000.0,32605.689581134324,6.521137916226865,0.021648089752591713,350759.56672359916,70.15191334471983,0.2328818890064552
5,10000.0,53757.98944342647,5.375798944342647,0.017828583496169004,712638.6323786371,71.2638632378637,0.2363432392375647
