,T,regret_opt_target,average_opt_target,normalized_opt_target,regret_congestion_target,average_congestion_target,normalized_congestion_target
0,100.0,765.5898078353176,7.655898078353176,0.01876781485656355,2165.944457042423,21.65944457042423,0.0530963763406269
1,500.0,2011.1311084807728,4.022262216961545,0.009861297014949949,11623.508245983368,23.247016491966736,0.0569942291111737
2,1000.0,2934.755442592591,2.934755442592591,0.007174713091372081,23838.051825724953,23.838051825724953,0.05827783127160483
3,2000.0,4331.326782886404,2.1656633914432017,0.0053127298575640575,48297.58485020521,24.148792425102606,0.05924097486611836
4,5000.0,7508.2345946804535,1.5016469189360906,0.003679727398048032,122687.27871021119,24.537455742042237,0.060128081397692774
5,10000.0,11710.635529359892,1.1710635529359892,0.0028668562595810187,247383.07138921553,24.738307138921552,0.060561333750715436
