,T,regret_gr_desc_not_normalized,vio_gr_desc_not_normalized
0,5.0,-21141.021854125895,8275.0
1,25.0,-130855.7035786137,18975.0
2,50.0,-197771.27165010571,26950.0
3,100.0,-306421.449916631,41100.0
4,250.0,-527247.1927323341,60200.0
5,500.0,-849111.6929457188,91450.0
6,1000.0,-1317581.1586334705,120900.0
